UniversityRank,NameofUniversity,Location,No_of_student,No_of_student_per_staff,InternationalStudent,Female:Male_Ratio,OverAll_Score,Teaching_Score,Research_Score,Citations_Score,Industry_Income_Score,International_Outlook_Score
1,University of Oxford,United Kingdom,20965,10.6,42%,48:52:00,96.4,92.3,99.7,99,74.9,96.2
2,Harvard University,United States,21887,9.6,25%,50:50:00,95.2,94.8,99,99.3,49.5,80.5
3,University of Cambridge,United Kingdom,20185,11.3,39%,47:53:00,94.8,90.9,99.5,97,54.2,95.8
3,Stanford University,United States,16164,7.1,24%,46:54:00,94.8,94.2,96.7,99.8,65,79.8
5,Massachusetts Institute of Technology,United States,11415,8.2,33%,40 : 60,94.2,90.7,93.6,99.8,90.9,89.3
6,California Institute of Technology,United States,2237,6.2,34%,37 : 63,94.1,90.9,97,97.3,89.8,83.6
7,Princeton University,United States,8279,8,23%,46:54:00,92.4,87.6,95.9,99.1,66,80.3
8,"University of California, Berkeley",United States,40921,18.4,24%,52:48:00,92.1,86.4,95.8,99,76.8,78.4
9,Yale University,United States,13482,5.9,21%,52:48:00,91.4,92.6,92.7,97,55,70.9
10,Imperial College London,United Kingdom,18545,11.2,61%,40 : 60,90.4,82.8,90.8,98.3,59.8,97.5
11,Columbia University,United States,21781,4.5,38%,0:00:00,89.4,89.4,87.7,97.1,44.8,79.9
11,ETH Zurich,Switzerland,21665,14.8,41%,33 : 67,89.4,82.6,95.4,90.7,59.1,97.7
13,The University of Chicago,United States,15366,6,36%,47:53:00,88.9,86.5,88.8,97.7,56.2,74.2
14,University of Pennsylvania,United States,21453,6.3,23%,53:47:00,88.8,86,88.8,97,75.8,71.5
15,Johns Hopkins University,United States,17584,4.7,29%,53:47:00,88.3,79.4,91.5,97,89.5,75.3
16,Tsinghua University,China,38324,11.6,10%,,88.2,90.1,97.4,88,100,40.3
17,Peking University,China,31994,10.3,19%,,88.1,92.5,96.7,80.4,91.8,65
18,University of Toronto,Canada,77468,25.8,26%,56:44:00,87.4,77.3,93.3,92.8,65.5,89.7
19,National University of Singapore,,32337,19.8,25%,51:49:00,87.1,76.4,93,90.2,87,94
20,Cornell University,United States,24027,10.3,26%,51:49:00,85.9,80.2,86.1,97.3,40.4,76.9
21,"University of California, Los Angeles",United States,42434,9.7,16%,56:44:00,85.8,80.4,88.9,95.4,58.8,65
22,UCL,United Kingdom,36790,10.3,60%,59:41:00,85.7,74.5,85.4,97.9,44.5,96.7
23,University of Michigan-Ann Arbor,United States,45912,8.2,17%,50:50:00,82.9,79.3,84.6,93.6,48.7,59.2
24,New York University,United States,36337,9.8,42%,57:43:00,82.7,74.2,84,95,44.6,74.7
25,Duke University,United States,16091,4.2,24%,52:48:00,82.6,78.1,76.2,95.7,99.6,68
26,Northwestern University,United States,19175,13.2,20%,51:49:00,82.1,71.7,80.7,97.5,85,67
26,University of Washington,United States,47727,10.8,18%,55:45:00,82.1,71.6,82.8,98.9,53.9,63
28,Carnegie Mellon University,United States,14305,12.9,47%,44:56:00,81.1,65.4,81.8,98.7,55.2,80.1
29,University of Edinburgh,United Kingdom,32845,11.8,47%,62:38:00,79.8,66.9,74.5,97.1,40.9,95.6
30,Technical University of Munich,,33960,40.6,36%,37 : 63,79.3,69.8,82.2,84.5,100,77.7
31,University of Hong Kong,,18087,18.2,43%,54:46:00,78.5,65.6,74.1,92.4,60.6,98.7
32,"University of California, San Diego",United States,37030,11.3,28%,48:52:00,78.1,60.2,77.2,98.2,93,67.8
33,LMU Munich,Australia,35003,34.2,19%,61:39:00,77.7,67.3,78.3,87.4,100,70.5
34,University of Melbourne,Australia,49588,23.8,47%,58:42:00,77.6,67.1,75.9,85.8,78.1,93.6
35,King‚Äôs College London,United Kingdom,28965,11.8,52%,63:37:00,77.1,58,72.9,98.2,45.6,96.1
36,"Nanyang Technological University, Singapore",Singapore,24651,15.1,25%,48:52:00,77,60.9,77.9,87.2,84.5,94.5
37,London School of Economics and Political Science,United Kingdom,11120,11.9,73%,55:45:00,76.5,59.2,74.3,95.1,37.8,92.8
38,Georgia Institute of Technology,United States,28826,24.7,40%,33 : 67,76,60.2,75.9,91.4,64.9,81.2
39,The University of Tokyo,Japan,26112,10.5,15%,,75.9,88.1,91.4,55.5,86.7,43.3
40,University of British Columbia,Canada,56452,18.9,34%,55:45:00,75.7,62.9,73.1,88.8,47.9,94.8
41,√âcole Polytechnique F√©d√©rale de Lausanne,Switzerland,11641,12.3,62%,30 : 70,75.4,65.6,70.7,84.5,71.7,98
42,KU Leuven,Belgium,47663,36.5,18%,51:49:00,74.6,59.7,74.9,86.7,99.2,76.8
43,Universit√§t Heidelberg,Belgium,19347,13.5,21%,55:45:00,74.1,67.2,61.5,96,55.7,71.2
44,Monash University,Australia,58725,42.5,41%,57:43:00,73.6,56.9,68.7,90.4,78.4,91
45,Chinese University of Hong Kong,,18468,19,21%,,73.2,59.1,61.1,95.7,60.9,92.5
46,McGill University,,32309,12.5,30%,60:40:00,73,62,72.4,82.5,43.5,91
47,Paris Sciences et Lettres ‚Äì PSL Research University Paris,France,16218,15,22%,51:49:00,72.9,68.2,73.5,75.5,78.8,76.3
48,University of Illinois at Urbana-Champaign,United States,48674,17.4,22%,48:52:00,72.7,67.1,78.9,78.1,50.1,56.2
49,Karolinska Institute,Sweden,8021,9.9,27%,70:30:00,72.4,51.1,68.8,94,66.4,87.3
50,University of Texas at Austin,United States,49171,17.4,10%,53:47:00,72.3,66.2,73.1,87.5,51.3,40.1
51,Fudan University,China,36318,11.9,9%,52:48:00,72,71.8,75.8,74.5,77.3,45.2
52,Shanghai Jiao Tong University,China,37478,11.5,8%,42:58:00,71.2,75.3,82.9,59.9,100,43.7
53,The University of Queensland,,41372,34.2,41%,55:45:00,71.1,55.9,66.5,84.3,82,93.2
54,University of Manchester,,37035,14.2,44%,55:45:00,70.9,54.5,63.7,91.3,45.3,92.7
54,The University of Sydney,Australia,45853,19,45%,58:42:00,70.9,53.1,65.8,88.5,73.2,90.6
56,Seoul National University,South Korea,26209,15.1,10%,,70.8,75.2,76.2,67.6,96.6,35.9
57,Washington University in St Louis,United States,14420,7.8,24%,53:47:00,70.6,60.3,56.8,98.2,47.5,64
58,The Hong Kong University of Science and Technology,,9864,21,32%,,70.5,51.4,63.4,87.7,95,97.7
59,Wageningen University & Research,Netherlands,15404,18.6,27%,55:45:00,70.3,50.4,60.2,93.2,100,88.8
60,University of Amsterdam,Netherlands,29157,14.5,32%,59:41:00,69.6,48,64.1,93.3,44.4,91.9
61,Brown University,United States,10037,10.1,21%,,69.3,64.5,58,89.5,39,63.3
62,Australian National University,Australia,16758,14.6,51%,52:48:00,69,51.3,69.2,81.8,45.6,96
63,"University of California, Davis",United States,37639,13.1,18%,60:40:00,68.5,59.7,66.3,80.9,52.4,68.7
64,"University of California, Santa Barbara",United States,25860,28.5,20%,54:46:00,68.4,44.6,61.5,96.2,80.1,76
65,University of Southern California,United States,40549,12.6,22%,49:51:00,68.3,58.9,58.6,90.4,43.8,63.7
66,Utrecht University,Netherlands,32532,17.1,13%,62:38:00,68.2,44.3,66,91.2,72.7,78.8
67,Zhejiang University,,46124,12,16%,,68.1,67.3,74.8,62.8,100,55.1
68,Kyoto University,Japan,22269,9.2,12%,25 : 75,68,77.5,79.1,52.3,88.6,40.5
69,University of North Carolina at Chapel Hill,United States,31080,7.9,8%,59:41:00,67.8,58.9,59.7,93.3,46,41.7
70,Delft University of Technology,Netherlands,20299,16.1,31%,31 : 69,67.7,58.8,76.4,59.1,93.4,94.2
71,Boston University,United States,27243,10.8,31%,59:41:00,67.5,55.9,56.1,92.9,41.1,65.9
71,UNSW Sydney,,45133,36.3,40%,47:53:00,67.5,51.1,59,85.9,63.5,95.1
73,Charit√© - Universit√§tsmedizin Berlin,Germany,8429,18,21%,64:36:00,67.2,48.5,52.2,98.8,87.1,69.3
74,University of Science and Technology of China,,18573,8.1,6%,,67.1,65,64.9,78.8,69.4,36.9
75,University of Groningen,,30009,24.4,28%,52:48:00,66.6,45.4,57.6,90.4,75.8,89.8
76,University of Bristol,,25680,14.6,31%,56:44:00,66.5,43.8,53.4,98.6,43.5,89.4
77,Leiden University,,33648,19.3,20%,60:40:00,66.4,43.2,64.4,86.6,68.4,85.4
78,Yonsei University (Seoul campus),,19481,14.7,17%,50:50:00,66.3,67,68.9,63.9,94.8,52.8
79,Hong Kong Polytechnic University,,19046,28.9,30%,51:49:00,65.8,46.6,57,86.7,56,97.6
80,Erasmus University Rotterdam,,31668,33.9,22%,53:47:00,65.7,38.6,57.1,95.6,64.4,89.7
81,University of Wisconsin-Madison,United States,40701,10,14%,,65.5,59.7,62.9,78.7,48.4,51.8
82,Emory University,United States,13190,4.2,20%,60:40:00,65.3,54.8,46,98,48.6,59.8
82,University of Glasgow,,28540,13.5,41%,59:41:00,65.3,43.3,50.8,96.5,41.9,93.8
82,University of Zurich,Switzerland,25003,13.7,22%,56:44:00,65.3,51.5,50.7,87.5,57.6,93
85,McMaster University,,26403,29,20%,56:44:00,65.1,42.7,51.1,94.6,89.9,84.7
86,Humboldt University of Berlin,Germany,34399,53.2,17%,,64.9,55.2,64.3,75.6,42.8,70.5
86,University of T√ºbingen,Germany,20620,27.5,13%,59:41:00,64.9,51.1,58.2,84.5,79.9,64.1
88,University of Adelaide,,23102,32.8,32%,49:51:00,64.7,42.7,51.8,92.2,65.3,93.6
89,University of Bonn,Germany,27210,47.5,17%,56:44:00,64.6,51.6,56.1,86,55,68.7
90,Sorbonne University,France,41443,13.9,21%,59:41:00,64.5,58.7,58.3,76.6,40,72.3
91,Free University of Berlin,Germany,26497,41.9,23%,62:38:00,64.2,54.2,62.4,74.8,41.7,76.4
91,Korea Advanced Institute of Science and Technology (KAIST),South Korea,9946,10.7,9%,0.929861111,64.2,64.5,66,65.7,100,38.2
93,Universit√© Paris-Saclay,France,44443,14.9,19%,49:51:00,63.9,56.7,55.2,79.1,54.6,69.7
94,University of Bern,Switzerland,11728,17.2,17%,58:42:00,63.7,46,46.5,90.7,86.3,88.2
95,"University of California, Irvine",United States,36655,16.9,28%,52:48:00,63.6,43.5,51.6,93.6,59.4,73.2
95,Institut Polytechnique de Paris,France,5999,6.7,41%,24 : 76,63.6,58.5,58.8,64.8,72.7,95.6
95,Nanjing University,China,36426,16.5,8%,54:46:00,63.6,58.4,58.2,74.3,87.3,55.2
98,Vanderbilt University,United States,12696,3.8,15%,55:45:00,63.5,49.5,47.5,96.5,66.7,50.6
99,City University of Hong Kong,,9099,12.1,62%,54:46:00,63.4,47.2,53,79.9,76.6,99.6
99,RWTH Aachen University,Germany,39738,50,28%,33 : 67,63.4,56.8,64.5,66.1,93.8,65.1
101,University of Basel,Switzerland,8632,10.9,30%,57:43:00,63,47,44.1,86.5,99.2,96.8
101,King Abdulaziz University,,31545,7.8,22%,54:46:00,63,51.7,36.7,91.9,74.2,93.6
101,University of Minnesota,United States,61009,12,10%,54:46:00,63,55.1,56.9,81.2,77.8,41.7
104,"University of Maryland, College Park",United States,33775,16.5,11%,49:51:00,62.9,48.1,57.7,89.7,40,42.6
104,University of Warwick,,23230,13.1,44%,50:50:00,62.9,44.8,49.6,88.1,42.7,94.9
106,Michigan State University,United States,45465,16,13%,52:48:00,62.8,56.2,55.6,78.8,39.9,61.9
107,Ghent University,Belgium,39437,35.6,12%,57:43:00,62.7,48.6,60.1,77.8,80,63.9
108,University of Birmingham,United Kingdom,31820,15,34%,58:42:00,62.6,40.5,46.2,95.2,42.3,92.2
108,University of Southampton,United Kingdom,21175,13.7,39%,53:47:00,62.6,41.4,47.5,92.3,44.1,94.6
110,University of Helsinki,Finland,23059,15.8,5%,67:33:00,62.5,45.9,58.5,86.6,39.1,57
111,University of Montreal,,38189,20.8,22%,,62.3,50.9,53.2,75.8,76.5,85.5
112,Ohio State University (Main campus),United States,55814,11.8,13%,51:49:00,62.2,53,51.2,83.4,55.3,60.3
113,University of Freiburg,Germany,20253,37.2,17%,53:47:00,61.9,47.8,52.8,80.8,96.2,67.3
114,University of Copenhagen,Denmark,31519,4.2,16%,62:38:00,61.7,45.1,47.5,87.2,55,84.7
114,Universit√© Paris Cit√©,,62747,17,19%,65:35:00,61.7,51.5,44.8,89.3,37.3,68.3
114,University of Sheffield,,27465,14.5,41%,53:47:00,61.7,43.6,46.4,89.5,47.4,88.5
117,Aarhus University,Denmark,26475,13.5,10%,55:45:00,61.2,40.6,60,77.6,74.1,77.9
118,University of Alberta,Canada,32338,21.6,28%,,61.1,48.8,52.7,72.9,82.7,89.2
119,University of G√∂ttingen,Germany,30221,26,14%,52:48:00,61,46.3,53.8,83.9,40.1,63
119,Lund University,Sweden,28545,11.5,18%,55:45:00,61,40.5,55.5,81,79.5,78.5
121,Vrije Universiteit Amsterdam,Netherlands,29796,19.8,16%,56:44:00,60.9,38.4,52.2,87.5,59.1,79.4
122,Lancaster University,United Kingdom,14380,12.8,39%,51:49:00,60.8,38.7,40,96.9,38.3,94.9
123,Dartmouth College,United States,6440,7.8,15%,49:51:00,60.7,59.8,40.4,88.2,40,42
124,Queen Mary University of London,United Kingdom,20505,13.1,46%,55:45:00,60.4,34.3,41.3,97.7,44,97.1
124,University of Vienna,Austria,35929,42.9,29%,66:34:00,60.4,49.4,59.3,65.1,44.8,95.8
126,University of Oslo,Norway,21548,13.3,15%,66:34:00,60.2,40.1,48.5,89,44.5,77
127,Purdue University West Lafayette,United States,44551,16.9,20%,44:56:00,60.1,55.9,64.2,56.9,67.8,71.1
128,University of Hamburg,Germany,30676,61.5,12%,58:42:00,59.8,46.5,54.4,75.4,96.1,60.4
128,University of Leeds,United Kingdom,33990,14.6,36%,60:40:00,59.8,46,47.8,79.3,40.5,91.8
130,University of Nottingham,United Kingdom,32875,15.1,31%,54:46:00,59.6,41.8,44.1,86.6,41.7,90.4
131,University of Antwerp,Belgium,15857,32.2,17%,56:44:00,59.4,36.4,46.2,90.4,83.5,71.8
131,The University of Western Australia,Australia,18405,21.3,28%,49:51:00,59.4,34.9,48.1,85.6,69.2,94.4
133,University of Technology Sydney,,27481,35.1,31%,50:50:00,59.3,36.9,42.1,90.5,49.7,96
134,Case Western Reserve University,United States,10934,8.2,20%,51:49:00,59,48.4,40.6,90.7,43.4,52.9
135,University of Lausanne,Switzerland,13401,10.2,23%,,58.7,35.8,47.6,83,72.3,92.3
136,Georgetown University,United States,16074,8,19%,54:46:00,58.6,55.5,35,88,54,49.1
137,University of Exeter,United Kingdom,24165,15.9,29%,53:47:00,58.5,32.4,41.3,94.8,39.2,92.7
137,University of Ottawa,,36670,26,24%,58:42:00,58.5,41.7,45.4,82.6,51,84.1
139,University of Auckland,New Zealand,33093,22.1,32%,56:44:00,58.4,36.8,44.3,85.4,56.4,94.3
139,Newcastle University,,25590,15.1,29%,52:48:00,58.4,33.3,40,96,41.8,87.8
139,Radboud University Nijmegen,,21979,17.6,13%,56:44:00,58.4,34.9,51.6,85.5,48,74.7
139,University of W√ºrzburg,Germany,23754,40.7,10%,58:42:00,58.4,40.7,45.2,87.8,79.4,57.3
139,University of York,United Kingdom,17665,14.4,28%,56:44:00,58.4,39.3,44,85.9,38.4,88.7
144,University of Pittsburgh-Pittsburgh campus,United States,26575,5.5,11%,55:45:00,58.3,46.2,42.9,90.6,44.2,43.4
145,Maastricht University,Netherlands,19909,18.6,56%,60:40:00,58.2,38.4,49.6,75.5,73.2,98.1
146,University of Cologne,Germany,33341,30.4,16%,,58,44.5,46.5,80,77.3,64.4
147,Rice University,United States,7068,9.2,28%,43:57:00,57.9,46.5,39.7,84.4,44.5,75.3
148,University of Colorado Boulder,United States,34928,16,8%,45:55:00,57.8,45.6,46.3,85.5,44.6,45.6
148,Ulm University,Germany,10271,26.2,13%,51:49:00,57.8,41.6,41.2,89.3,77.6,56.1
148,Uppsala University,Sweden,25548,15.3,17%,62:38:00,57.8,37.6,55.7,75.2,71.5,72.6
151,University of Florida,United States,46807,16.1,8%,56:44:00,57.7,55,58.7,64.2,51.4,41.4
151,Penn State (Main campus),United States,46863,14,16%,47:53:00,57.7,47.8,53.8,75.2,41.6,48.3
151,Tufts University,United States,11399,10,16%,56:44:00,57.7,47.1,36.7,92.2,43.4,51.4
154,University of Rochester,United States,10364,7.7,36%,50:50:00,57.6,42,40.5,87,49.3,73.8
155,KTH Royal Institute of Technology,Sweden,13329,16.4,20%,34 : 66,57.5,43.5,53.8,68.4,68.1,81.1
156,Arizona State University (Tempe),,50027,19.6,17%,45:55:00,57.4,44.8,47.9,79.6,40.2,62.5
156,Technical University of Berlin,Germany,20243,48.1,27%,35 : 65,57.4,48.8,55.7,62,92.6,67.8
156,TU Dresden,Germany,30382,30.8,16%,45:55:00,57.4,48.8,50.7,69.1,92.4,60.5
156,University of Virginia (Main campus),United States,25810,9,13%,53:47:00,57.4,48.1,39.8,86.6,45.8,52.5
160,University of Cape Town,,21069,12.8,15%,54:46:00,57.2,33.9,43.8,88.7,53.3,78.8
161,University of Bologna,,69831,24.4,12%,56:44:00,57,52.1,40.8,80.2,46.4,51.6
161,Trinity College Dublin,,17764,21,28%,60:40:00,57,36,47.3,79.4,47.1,93.7
163,University of Leicester,United Kingdom,14650,14.1,34%,54:46:00,56.9,31.4,32.9,98.7,41.9,92.5
163,Pohang University of Science and Technology (POSTECH),,3260,10,3%,,56.9,54.7,51.4,67.7,96.2,31.8
166,Southern University of Science and Technology (SUSTech),,5137,8.8,1%,,56.8,29.8,42.9,95.5,77.9,59
166,Technical University of Denmark,Denmark,9599,6.9,26%,32 : 68,56.8,40.4,44.9,73.2,86,94
168,Medical University of Graz,Austria,3722,14.1,27%,53:47:00,56.6,29.4,34.4,96.8,98.1,79
168,"Northeastern University, US",United States,21211,14.6,36%,48:52:00,56.6,39.9,30.2,96.2,40.1,76.3
170,Indiana University,United States,66637,12.6,13%,53:47:00,56.5,45.5,39.4,85.5,53.6,54.3
170,Universit√© Catholique de Louvain,Belgium,24523,36,20%,54:46:00,56.5,39.9,50.4,72.8,57.7,82.3
170,Sungkyunkwan University (SKKU),,23399,19.4,18%,,56.5,52.8,54,59.4,98.3,56.4
173,Wuhan University,China,55412,15.2,6%,,56.4,43.5,40.5,89.2,69.4,35.3
174,Ulsan National Institute of Science and Technology (UNIST),,3896,13.6,9%,27 : 73,56.3,41.3,42,85.9,89.9,43.7
175,Macquarie University,Australia,30561,69,27%,52:48:00,56.2,38.7,44.6,76.1,64.9,89.8
176,Huazhong University of Science and Technology,China,57167,16.2,4%,,56.1,42.2,42.6,88.8,83.2,25.5
176,University of Liverpool,,26350,14.2,36%,55:45:00,56.1,33.2,37.7,89.4,39.6,94.1
176,Stockholm University,Sweden,30365,20.7,7%,,56.1,29.7,50.4,87.1,38.3,66.3
179,University of Mannheim,Germany,7684,58.2,13%,,56,40,48.2,79,61,57.4
180,University of Arizona,United States,39797,17,9%,54:46:00,55.9,45.8,47,78.7,52.1,41.3
181,Texas A&M University,United States,62931,21.3,8%,47:53:00,55.8,50.2,54.8,63.2,45.1,56
182,University of Barcelona,Spain,45004,15.8,11%,63:37:00,55.7,33.1,43.4,89.9,50.2,59.9
183,Autonomous University of Barcelona,Spain,31933,12.7,16%,60:40:00,55.6,35.1,38.8,91.1,43,67.1
183,Scuola Normale Superiore di Pisa,Italy,629,7.6,13%,28 : 72,55.6,56.7,36.5,74.8,38.2,56.4
185,University of M√ºnster,Germany,28014,25.4,7%,,55.5,43.4,43.9,81.4,48.9,49.2
186,Pompeu Fabra University,Spain,11965,22.4,13%,60:40:00,55.4,32.6,39.4,91.5,46.2,68.9
187,Cardiff University,,27105,14.3,28%,59:41:00,55.2,31.1,38.9,88.5,41.5,88.3
187,National Taiwan University (NTU),,25215,11.4,11%,42:58:00,55.2,50.2,55.5,60.1,75.1,47.2
189,Friedrich Schiller University Jena,Germany,16446,20.6,14%,,55,42.4,39.9,81.3,49.7,62.8
189,Karlsruhe Institute of Technology,Germany,22673,21.6,20%,29 : 71,55,46.7,54.2,57.8,89.7,68.6
191,University of Massachusetts,United States,63338,13.2,14%,49:51:00,54.9,41.2,33.5,87.8,51.7,65
192,University of Aberdeen,United Kingdom,13205,16.2,44%,58:42:00,54.8,30.7,34.1,89.8,47.5,95.9
192,"University of California, Santa Cruz",United States,19266,22.6,14%,47:53:00,54.8,32.6,33.3,95.9,46.2,67.9
194,Medical University of Vienna,Austria,7274,8.4,33%,50:50:00,54.6,35,27.6,94,61.2,81.7
194,University of Miami,United States,17009,10.8,16%,53:47:00,54.6,48.4,33.5,81,48.3,60.2
196,University of Erlangen-Nuremberg,Germany,30303,43.4,13%,51:49:00,54.5,44.6,47.5,68.8,90.7,53.5
196,Sichuan University,China,49543,15.8,6%,,54.5,57.1,58.6,48.6,93.4,38.7
198,Durham University,United Kingdom,18425,14.1,35%,54:46:00,54.4,40,44.6,70,39.4,94.3
198,Queen‚Äôs University Belfast,,19060,15.8,39%,57:43:00,54.4,31.1,37.9,84.4,41.6,97.4
198,University of Reading,United Kingdom,15720,16.4,32%,56:44:00,54.4,36.5,39.6,78.5,42.2,93.3
250,Aalto University,Finland,13306,19.7,21%,38 : 62,54.3,38.3,40.4,67.5,53.2,81.9
250,University of Bergen,Norway,15202,12.8,10%,60:40:00,54.3,30.2,32.7,85.7,41.7,76.4
250,Bielefeld University,Germany,24875,66.6,7%,58:42:00,54.3,33.1,42.4,84.2,42.9,48.5
250,University of Calgary,Canada,33560,18.7,21%,54:46:00,54.3,36.8,40.2,75.9,61.6,79.9
250,Curtin University,,29999,20.8,31%,52:48:00,54.3,26.5,33.5,83,48.5,95.2
250,University of Dundee,United Kingdom,13630,18.3,27%,64:36:00,54.3,25.8,30.5,90.3,49.5,85.4
250,University of East Anglia,,15940,13.3,25%,58:42:00,54.3,27,29.7,95,37.7,86.4
250,Eindhoven University of Technology,Netherlands,10240,21,24%,,54.3,45.5,49.8,55.5,99.2,86.4
250,University of Geneva,Switzerland,19078,8.7,40%,62:38:00,54.3,34.7,35.4,81.8,48.2,98.6
250,George Washington University,United States,22298,12.9,15%,62:38:00,54.3,47,32.8,83.2,38.7,56.9
250,University of Gothenburg,Sweden,20891,10.7,12%,,54.3,29.3,43.6,87.9,47.1,65.1
250,University of Hohenheim,Germany,8714,39.7,14%,58:42:00,54.3,33.6,32.2,95.2,49.6,55.8
250,Humanitas University,,1823,19,18%,59:41:00,54.3,28.3,28.8,99.7,39.4,62.9
250,King Fahd University of Petroleum and Minerals,Saudi Arabia,7268,8.6,10%,0.151388889,54.3,31.4,35.9,80.3,91.8,76.7
250,University of Konstanz,Germany,5758,24.2,12%,60:40:00,54.3,42,46.4,62.9,62.6,67.9
250,Korea University,,22507,15.8,27%,,54.3,46.8,48.7,61.5,95.3,55.8
250,Universit√© Libre de Bruxelles,Belgium,28290,49.3,31%,57:43:00,54.3,32.6,44.1,77.3,44.8,88.9
250,University of Luxembourg,Luxembourg,5185,19.3,51%,53:47:00,54.3,38.2,39.8,64.5,51.2,99.4
250,University of Macau,,10460,15.4,39%,55:45:00,54.3,31.6,36,78.5,44.2,99.3
250,Macau University of Science and Technology,,11993,38.1,91%,57:43:00,54.3,35.4,30.7,79.2,50.1,99.7
250,Medical University of Innsbruck,Austria,3244,12.9,43%,54:46:00,54.3,29.9,30.2,88.8,95.3,88.4
250,University of Newcastle,Australia,24363,29.5,18%,57:43:00,54.3,30,35.8,79.3,61.9,84.3
250,University of Notre Dame,United States,12401,10.9,13%,46:54:00,54.3,51,40.5,67.7,39.7,59.3
250,University of Padua,Italy,48524,29.3,8%,55:45:00,54.3,47.2,36.5,80.9,46.4,49.3
250,University of Potsdam,Germany,14993,39.6,14%,57:43:00,54.3,39.2,44.6,70.4,60.2,59.6
250,Qatar University,Qatar,9084,8.8,35%,77:23:00,54.3,27,38.7,79.6,61.4,98.9
250,Queensland University of Technology,,35278,37.9,17%,53:47:00,54.3,29.2,39.7,86,50.1,83.9
250,RCSI University of Medicine and Health Sciences,,2563,24.2,70%,,54.3,31.4,37.3,76.9,50.7,94.7
250,Rutgers University ‚Äì New Brunswick,United States,46158,10.9,17%,53:47:00,54.3,43.5,43.6,73,43.1,53.9
250,"St George‚Äôs, University of London",United Kingdom,3490,13.2,20%,64:36:00,54.3,20.4,28.3,99.9,40.5,74.9
250,Sant‚ÄôAnna School of Advanced Studies ‚Äì Pisa,,1100,14,19%,41:59:00,54.3,43.3,40.2,69.4,81,56.7
250,University of S√£o Paulo,Brazil,82010,15.9,4%,47:53:00,54.3,54.5,61.5,43.3,43,37.2
250,Sapienza University of Rome,Italy,72604,28.2,10%,60:40:00,54.3,52.4,44.9,67.7,53,43.5
250,Semmelweis University,,9860,12.2,34%,69:31:00,54.3,44.7,18,87.9,43.3,77.1
250,University of South Florida,United States,39907,18.6,13%,,54.3,31.1,36.9,85.1,85,56.2
250,University of St Andrews,United Kingdom,9770,12.3,47%,59:41:00,54.3,40,41.4,67.8,38.9,94.9
250,University of Surrey,United Kingdom,14960,16.9,36%,53:47:00,54.3,31.3,33.9,79.5,45.8,94.8
250,University of Sussex,United Kingdom,17790,17.4,37%,55:45:00,54.3,28,34.2,89,39,93.1
250,Universit√† della Svizzera italiana,Switzerland,3266,12.5,66%,47:53:00,54.3,28,23.3,91.4,55.7,99.5
250,University of Tartu,,9235,12,13%,68:32:00,54.3,26.8,33.1,92.4,45.6,65.4
250,Tel Aviv University,Israel,23834,23,7%,57:43:00,54.3,39.4,51.2,72,43.8,56
250,Tohoku University,Japan,17812,12.4,14%,28 : 72,54.3,59.1,62.3,36.8,94.5,51.1
250,University College Dublin,Ireland,23361,21.3,31%,,54.3,32.6,40.3,73.9,46.9,94.2
250,Vita-Salute San Raffaele University,Italy,3560,15.1,5%,61:39:00,54.3,37.6,27.8,99.7,38.2,45.2
250,Vrije Universiteit Brussel,Belgium,14284,33.6,23%,57:43:00,54.3,36.6,43.6,67.4,60.1,77.3
250,University of Waterloo,Canada,34306,23.2,23%,48:52:00,54.3,36.8,46.4,71,47.3,87.5
250,Western University,,29747,29.5,22%,56:44:00,54.3,40.7,42.1,67.9,79.9,85.6
250,Western Sydney University,Australia,36033,40.3,22%,58:42:00,54.3,25.8,31.7,87.6,44.1,87.9
250,University of Wollongong,Australia,17440,29.1,27%,54:46:00,54.3,31.4,38.2,74.8,57.2,94
300,Aalborg University,Denmark,16818,14.7,14%,,51.1,29.5,43.3,73.2,51.5,76.4
300,Auckland University of Technology,,18837,17.3,49%,59:41:00,51.1,20.8,21.3,97.4,39.4,96.4
300,Australian Catholic University,Australia,23728,39.1,15%,75:25:00,51.1,18.3,25.9,98.3,38.4,79.9
300,University of Bath,United Kingdom,14955,15.4,34%,46:54:00,51.1,32.2,33.8,73.8,39.9,93.4
300,Beijing Normal University,China,24416,14.3,10%,,51.1,50.7,43.8,59.5,64.3,41.4
300,Bond University,Australia,3214,10.9,39%,54:46:00,51.1,21.6,21.8,99.9,38.3,81.8
300,Boston College,United States,12755,14.5,12%,54:46:00,51.1,48.6,31.5,74.9,37.4,48.5
300,Bournemouth University,United Kingdom,13825,18.6,21%,53:47:00,51.1,32.6,20.7,88.4,37.5,84
300,Brighton and Sussex Medical School,United Kingdom,1015,20.3,17%,60:40:00,51.1,15.7,25.4,99.8,36.9,81.1
300,"University of California, Riverside",United States,24515,18.6,14%,53:47:00,51.1,33,32.7,81.4,41.7,65.3
300,University of Canberra,Australia,10785,35.5,26%,,51.1,20,32,92.6,43,88.1
300,Chalmers University of Technology,Sweden,9513,13.8,19%,32 : 68,51.1,34.9,44.5,64.4,66,77.4
300,"China Medical University, Taiwan",Taiwan,7284,15.5,9%,56:44:00,51.1,24.1,32,92.8,93.1,47.6
300,Copenhagen Business School,Denmark,16547,27.7,24%,48:52:00,51.1,21.5,31,90.9,43.9,93.6
300,Deakin University,Australia,43080,33.9,25%,58:42:00,51.1,25,33,83.2,44.6,88.7
300,University of Duisburg-Essen,Germany,41618,43.7,19%,49:51:00,51.1,34,35.5,79.9,64.5,60.9
300,Heinrich Heine University D√ºsseldorf,Germany,29365,32.8,12%,58:42:00,51.1,34.7,32.3,80.1,44.1,59.3
300,√cole des Ponts ParisTech,France,1959,10,37%,32 : 68,51.1,34.4,29.4,79.5,50.1,83.6
300,Goethe University Frankfurt,Germany,30082,12.7,14%,58:42:00,51.1,33.7,32.9,76.4,44.8,65.6
300,Griffith University,,35900,32.9,17%,59:41:00,51.1,27.1,35.8,76.4,52.8,83.2
300,University of Hawai‚Äôi at MƒÅnoa,United States,14628,10.7,11%,56:44:00,51.1,39.8,41.7,66,40.4,66.9
300,Hebrew University of Jerusalem,Israel,16175,11.3,5%,57:43:00,51.1,42.1,41.8,65.3,42.8,59.5
300,University of Illinois Chicago,United States,28724,11.3,19%,54:46:00,51.1,43,32.4,74.6,45.4,53.1
300,Indian Institute of Science,India,3990,8.8,1%,27 : 73,51.1,60.5,56.9,33.1,80.1,28
300,Johannes Gutenberg University of Mainz,Germany,30856,25.5,12%,59:41:00,51.1,36.7,28.8,80.5,57.6,58.5
300,University of Kiel,Germany,27911,22.7,9%,53:47:00,51.1,31.5,32.7,84.5,36.9,57.1
300,King Saud University,Saudi Arabia,33931,10.6,14%,44:56:00,51.1,27,32.9,76.3,86.3,85.4
300,Kyung Hee University,,20504,17.7,27%,55:45:00,51.1,37.4,41.8,62.9,89.6,67.8
300,La Trobe University,,21663,27.4,33%,63:37:00,51.1,25.9,32.9,83.2,51.8,88.4
300,Universit√© Laval,Canada,28611,16.9,15%,58:42:00,51.1,40.1,35.8,67.8,68.7,72.4
300,Link√∂ping University,Sweden,15026,14.4,15%,52:48:00,51.1,23.5,39.8,78,61.8,70.8
300,University of Navarra,Spain,11466,14.7,27%,54:46:00,51.1,30.7,30.3,84.7,66.2,72.5
300,Oregon Health and Science University,United States,3035,1,3%,67:33:00,51.1,36.4,19.8,99.4,52,29.4
300,Osaka University,Japan,22485,10.5,10%,33 : 67,51.1,54.3,60.9,31.8,96.4,42.2
300,University of Pavia,Italy,20027,34.9,10%,57:43:00,51.1,38.6,33.7,75,46.5,47.2
300,Queen‚Äôs University,,26556,26.2,17%,59:41:00,51.1,39.9,38,60.9,72,72.7
300,Ruhr University Bochum,Germany,38441,48.5,15%,50:50:00,51.1,40.4,47.2,57.6,52.3,54.1
300,Sejong University,South Korea,12356,20.8,13%,48:52:00,51.1,27.3,29.3,93.8,55.6,58.8
300,University of Sharjah,United Arab Emirates,12933,19.2,55%,67:33:00,51.1,20.5,21.3,96.8,41.4,99.3
300,Simon Fraser University,,26981,27.5,31%,54:46:00,51.1,27.8,36.8,76.3,52,92
300,University of Southern Denmark,Denmark,18471,10.2,14%,53:47:00,51.1,24.7,32.4,85.3,72.3,78.9
300,Stellenbosch University,,24907,25.9,8%,56:44:00,51.1,30.5,36.9,82.2,71,54
300,Sun Yat-sen University,China,57951,15.1,5%,49:51:00,51.1,44.9,37.4,74.8,59.3,31.3
300,Swansea University,United Kingdom,17490,15.4,22%,47:53:00,51.1,24.9,28.2,91.5,39.3,83.6
300,Tilburg University,,11876,29.9,20%,51:49:00,51.1,34.3,46.6,61.7,50.6,84.5
300,Tongji University,China,30153,10.8,12%,46:54:00,51.1,43.4,52.3,46.1,97.8,53.1
300,University of Twente,Netherlands,9816,14.7,37%,37 : 63,51.1,34.3,46.4,57.2,80.5,94.5
300,United Arab Emirates University,,7121,10.9,17%,80:20:00,51.1,24.7,29.8,82.3,72.5,88.8
300,University of Utah,United States,30967,13.6,8%,48:52:00,51.1,39.9,34.9,81.7,57.5,33.9
300,Virginia Polytechnic Institute and State University,,36512,18.5,14%,43:57:00,51.1,39.3,36.2,73.7,47.4,56.8
300,University of the Witwatersrand,,26871,23.6,7%,56:44:00,51.1,31.5,44.3,67.9,100,73.1
350,Abu Dhabi University,United Arab Emirates,3926,18.1,60%,51:49:00,48.7,32.3,15.4,83.1,36.9,98.5
350,Aix-Marseille University,France,70054,17.4,13%,60:40:00,48.7,40.5,24.9,72.3,41.5,63.2
350,Alfaisal University,,2851,10.2,32%,59:41:00,48.7,20.2,22.1,91.6,43.4,96.7
350,Anglia Ruskin University (ARU),United Kingdom,20285,27.8,46%,64:36:00,48.7,18.2,16.3,99,37.2,91.1
350,Autonomous University of Madrid,Spain,29327,13.2,12%,61:39:00,48.7,31.3,31.2,80.8,40,51.2
350,University of Bordeaux,,53755,22.4,13%,59:41:00,48.7,31.6,27.8,79.5,39.5,59.9
350,Brandeis University,United States,5427,13.1,28%,59:41:00,48.7,28.5,23.1,90.3,37.3,55.5
350,Universiti Brunei Darussalam,Brunei Darussalam,3641,10.8,14%,66:34:00,48.7,26,22.6,83.2,40.1,85.2
350,University at Buffalo,United States,27393,18,15%,45:55:00,48.7,38.7,33.7,67.7,47.1,63.7
350,"University of California, Merced",United States,9185,20.1,10%,52:48:00,48.7,22.9,23.5,96,42.2,47.3
350,University of Colorado Denver/Anschutz Medical Campus,United States,17224,3.8,8%,57:43:00,48.7,30.1,20.3,97,42.9,31.5
350,Dalhousie University,,16901,14.8,28%,55:45:00,48.7,28.1,30.9,74.3,45,89
350,Drexel University,United States,19304,12.5,14%,51:49:00,48.7,40.8,26,76.4,48.8,50.1
350,√âcole Normale Sup√©rieure de Lyon,France,2171,8.6,11%,47:53:00,48.7,46.9,46.2,47.4,56.6,62.1
350,University of Essex,United Kingdom,14335,15.3,40%,54:46:00,48.7,31,32.4,71,37.9,96.4
350,Flinders University,Australia,17027,27.9,36%,65:35:00,48.7,27.3,33.1,75.8,43,89.8
350,Florida State University,United States,39380,24,7%,57:43:00,48.7,40.2,37.3,67.5,40.1,47.8
350,University of Galway,Ireland,15109,26.1,20%,60:40:00,48.7,29.7,32.7,71.2,45.7,82.8
350,George Mason University,United States,32157,18.1,12%,53:47:00,48.7,30.7,26.8,84,37.8,50
350,Hasselt University,Belgium,5683,31.1,14%,49:51:00,48.7,33.4,39.5,63.3,57.3,70.2
350,University of Iowa,United States,29257,11.1,8%,54:46:00,48.7,42.5,31.6,70.7,51,46.2
350,Lappeenranta-Lahti University of Technology LUT,Finland,4609,30.3,12%,33 : 67,48.7,27.8,32.7,77.2,52.1,59.8
350,University of Milan,Italy,47512,21.2,7%,60:40:00,48.7,32.6,30.4,82.5,40.5,43.5
350,University of Milan-Bicocca,Italy,29057,29.2,5%,62:38:00,48.7,24.9,25.9,93.6,40.8,43
350,Montpellier University,France,40179,20.1,15%,54:46:00,48.7,35.2,33.6,72.1,39.9,62.2
350,Nagoya University,Japan,15224,12.8,12%,30 : 70,48.7,48.4,54.1,39.7,99.2,35.8
350,Nankai University,China,31322,11.3,5%,,48.7,39.7,24.9,79.4,46.2,40.7
350,University of Otago,New Zealand,18508,19.7,19%,60:40:00,48.7,32.4,34.5,70.2,38.8,88
350,University of Oulu,,10134,19.8,7%,54:46:00,48.7,28.4,35.8,75.2,46.9,57.5
350,Politecnico di Milano,,37532,25.4,18%,,48.7,39,45.3,56.4,74.6,62
350,Reykjav√≠k University,Iceland,2757,22.9,8%,47:53:00,48.7,15.5,21.5,99.9,38.1,71.4
350,RMIT University,Australia,32692,23.6,34%,48:52:00,48.7,29.4,32.7,71.8,47.6,93.6
350,University of St Gallen,Switzerland,8065,12.2,34%,35 : 65,48.7,28.2,20.4,80,47.4,95.9
350,Saint Louis University,United States,10798,7.4,7%,60:40:00,48.7,39.6,15.8,89.4,39.8,34.7
350,University of South Australia,,23490,32.9,21%,58:42:00,48.7,23,36.1,70.4,79.5,87.5
350,University of Southern Queensland,Australia,12150,26,18%,62:38:00,48.7,24.6,24.3,85.5,41.5,79.8
350,Stony Brook University,United States,25411,10.6,22%,52:48:00,48.7,33.8,26.8,76.1,38.1,69.5
350,University of Stuttgart,Germany,16054,26.5,19%,34 : 66,48.7,44.8,48.6,47.5,88,53.5
350,Swinburne University of Technology,Australia,15327,25.6,25%,38 : 62,48.7,25.2,31.1,81.8,45.2,81.5
350,Taipei Medical University,,5946,9.1,10%,58:42:00,48.7,44.4,32.2,63.1,93.1,45.8
350,Tampere University,Finland,15855,20.6,6%,54:46:00,48.7,26.6,35.9,76.9,56.1,51.1
350,University of Tasmania,Australia,18264,22.9,36%,60:40:00,48.7,27.1,34.8,71.5,48.1,91.1
350,Technical University of Darmstadt,Germany,15526,37.1,18%,34 : 66,48.7,43.3,48.2,43.8,80.7,59.6
350,Temple University,United States,35641,12.5,8%,54:46:00,48.7,37.4,23.1,83.5,40.2,38.6
350,The University of Tennessee-Knoxville,United States,27308,16.7,4%,,48.7,35.6,28.4,79,45.1,46.7
350,Tokyo Institute of Technology,Japan,9878,9.5,17%,0.725,48.7,49.7,58.2,31,80,50
350,University College Cork,Ireland,17925,20.8,20%,59:41:00,48.7,24.2,28.8,83.7,47.2,84.3
350,University of Victoria,Canada,20936,24.6,21%,55:45:00,48.7,24.7,33.7,75.5,45.7,86.8
400,American University of Beirut,Lebanon,9267,8.7,22%,51:49:00,46.9,24.7,14.8,89.6,43,78.7
400,"Asia University, Taiwan",Taiwan,11421,30.3,7%,62:38:00,46.9,18.2,36.5,76.1,97.2,52.5
400,Ateneo de Manila University,Philippines,13159,10,4%,51:49:00,46.9,32.4,9.5,97,37.6,31.8
400,"Birkbeck, University of London",United Kingdom,8060,16.6,40%,56:44:00,46.9,30.4,33.3,66.8,37.2,90.7
400,University of Bremen,Germany,12635,20.1,14%,53:47:00,46.9,36.4,38.6,59,48.3,59.7
400,University of Brescia,Italy,15133,24.6,7%,46:54:00,46.9,26.4,18.8,95.2,40.2,42.5
400,University of Cape Coast,,28451,35.5,0%,33 : 67,46.9,17.4,20.7,99.1,63.4,44.7
400,Catholic University of Portugal,Portugal,11213,22.2,21%,63:37:00,46.9,20.2,19.2,97.8,38.8,62.8
400,Central South University,China,56344,20.4,4%,,46.9,31.8,41.2,65.7,93.4,26.3
400,Charles Darwin University,Australia,7246,34.5,30%,69:31:00,46.9,22.7,33.2,72.4,45.9,79.8
400,"City, University of London",United Kingdom,15460,18.2,51%,57:43:00,46.9,25.6,29.3,69,38.3,95
400,University of Delaware,United States,21808,16.3,12%,57:43:00,46.9,28.8,39,64.9,91.4,51.5
400,East China Normal University,China,28055,14.7,11%,64:36:00,46.9,37.5,32.6,62,54.4,54.7
400,Edith Cowan University,,18759,30.4,28%,60:40:00,46.9,20.1,25.3,80.4,40.7,87.4
400,Golestan University of Medical Sciences,Iran,3721,11.5,11%,60:40:00,46.9,33.7,8.9,100,37,33.3
400,University of Greifswald,Germany,10291,20.6,8%,58:42:00,46.9,31.9,26.9,77.6,42,56.7
400,University of Hail,Saudi Arabia,19366,11.2,10%,63:37:00,46.9,18,9.2,98.7,42.8,82.3
400,Harbin Institute of Technology,China,30542,10.5,6%,,46.9,44.2,46.9,49,99.6,27.6
400,Howard University,United States,8782,8.2,6%,70:30:00,46.9,45.7,17.6,79.2,36.9,34.3
400,Imam Mohammad Ibn Saud Islamic University,Saudi Arabia,43110,10.8,3%,39 : 61,46.9,29.6,17.7,89.6,40.6,65.1
400,IMT Atlantique,France,1436,7.7,33%,25 : 75,46.9,37.3,35.8,50.1,90.6,77.2
400,James Cook University,Australia,12825,20.1,32%,62:38:00,46.9,23.3,28.2,78,43.4,93.8
400,JSS Academy of Higher Education and Research,India,7891,9.5,7%,54:46:00,46.9,34.4,9.4,99.3,38.4,35.2
400,University of Kent,United Kingdom,16705,17,29%,54:46:00,46.9,27.9,29.5,67.6,37.4,92
400,Khalifa University,,3029,8.8,22%,58:42:00,46.9,31.2,37.1,56.2,94.2,92.8
400,Kurdistan University of Medical Sciences,Iran,3181,10.5,2%,49:51:00,46.9,36.1,9.8,98.4,37.6,23.7
400,Leuphana University of L√ºneburg,Germany,7839,26.1,7%,62:38:00,46.9,25.2,22.1,90,38.9,54.3
400,University of Li√®ge,Belgium,21910,26.8,21%,58:42:00,46.9,26.8,38.4,62.2,85.7,72.4
400,Loughborough University,United Kingdom,15815,13.8,29%,41:59:00,46.9,32.2,32.6,61,40.3,88.6
400,University of Malaya,Malaysia,18320,9.8,18%,58:42:00,46.9,37.4,32.6,61.2,42.7,82.7
400,University of Manitoba,Canada,29561,29.4,20%,54:46:00,46.9,32.7,31.2,75,38.2,56.6
400,Mazandaran University of Medical Sciences,Iran,7845,15.1,1%,57:43:00,46.9,41.8,11.1,93.3,42.1,21.4
400,University of Naples Federico II,Italy,53319,20.2,2%,55:45:00,46.9,34,28.3,77.5,42.6,32.3
400,University of New Mexico (Main campus),United States,18046,16.9,5%,56:44:00,46.9,34.7,29.3,74.5,39,37.6
400,North Carolina State University,United States,31540,16.6,14%,48:52:00,46.9,40.9,38.2,59.7,47.5,54.8
400,University of Rome II ‚Äì Tor Vergata,Italy,24038,30.3,20%,56:44:00,46.9,39.7,28.8,63.8,45.8,65.3
400,"Royal Holloway, University of London",United Kingdom,10640,15.1,35%,57:43:00,46.9,28.7,28.4,67.6,39.5,91.6
400,Royal Veterinary College,United Kingdom,2250,10.5,30%,80:20:00,46.9,24.4,20.1,79.6,46.6,93.4
400,Rush University,United States,2757,2.1,1%,76:24:00,46.9,40.9,15.3,90.1,44.1,22.1
400,Shoolini University of Biotechnology and Management Sciences,India,2973,14.3,2%,45:55:00,46.9,23.2,14.4,98.3,37.9,49.1
400,University of Stirling,United Kingdom,9855,16,27%,64:36:00,46.9,22.9,25.9,79.4,37.3,86.1
400,Swedish University of Agricultural Sciences,Sweden,4216,4.6,7%,70:30:00,46.9,29.9,31.4,71.8,89.2,52.1
400,University of Texas at Dallas,United States,25464,21.6,20%,43:57:00,46.9,24.8,27,81.3,42.7,56.4
400,Tulane University,United States,11220,7.5,11%,58:42:00,46.9,41.9,23,73.6,38.8,43.8
400,University of Turku,,13012,15.3,5%,64:36:00,46.9,27.7,32.6,73.9,38.7,53.5
400,University of Vaasa,Finland,3873,20,4%,53:47:00,46.9,19.6,25.5,88,38.5,66.2
400,Verona University,Italy,18621,23.8,4%,64:36:00,46.9,31.4,26,80,45.5,42.4
400,Wake Forest University,United States,8122,4,10%,54:46:00,46.9,39.4,20.2,81.9,45.7,33
400,Washington State University,United States,29463,19.5,7%,54:46:00,46.9,33.4,32.7,69.6,50.8,50.1
400,Wroclaw Medical University,Poland,6769,9.4,14%,71:29:00,46.9,39.6,11.7,89,38.2,37.5
500,Alagappa University,India,4831,15.7,0%,63:37:00,44.9,34.6,11,82.8,37.2,35.1
500,University of Alaska Fairbanks,United States,2910,7.2,6%,53:47:00,44.9,29.1,24.9,70,47.7,60
500,Arak University of Medical Sciences,Iran,3500,7.4,1%,56:44:00,44.9,24.6,8.8,100,36.9,17.9
500,Aston University,United Kingdom,12015,17.8,25%,48:52:00,44.9,20.5,24.9,76.8,38.8,92.6
500,Aswan University,Egypt,31877,46.7,2%,55:45:00,44.9,16.7,11.6,98.5,37,47.8
500,Babol University of Medical Sciences,Iran,4102,11.8,0%,58:42:00,44.9,32.3,10.6,97.3,37.3,18.4
500,Babol Noshirvani University of Technology,Iran,6180,28.7,0%,33 : 67,44.9,20.3,20.9,98.4,38.5,22.9
500,Bangor University,United Kingdom,8790,15.7,26%,61:39:00,44.9,28.3,24.7,72.6,37.4,84.3
500,University of Bayreuth,Germany,9734,26.6,12%,47:53:00,44.9,36.4,39.4,55,53.3,58.3
500,Brunel University London,United Kingdom,13040,17,39%,47:53:00,44.9,24.3,26.4,69.9,37.9,96.9
500,University of Campinas,Brazil,31199,17.8,3%,46:54:00,44.9,47.9,46.7,38.4,44.4,34.1
500,Cankaya University,Turkey,7113,25.4,1%,46:54:00,44.9,15.5,13.2,100,37.7,46.7
500,University of Catania,Italy,26902,21.2,3%,58:42:00,44.9,31.2,21.5,79.7,39.4,31.9
500,Claude Bernard University Lyon 1,France,28253,13,14%,54:46:00,44.9,36.1,27.2,65.5,41.6,59
500,Colorado School of Mines,United States,6350,17.6,9%,31 : 69,44.9,34,30.3,63,46.2,37.1
500,"Colorado State University, Fort Collins",United States,29351,17.7,6%,55:45:00,44.9,31.7,29.6,72.3,43,39.1
500,Complutense University of Madrid,Spain,61128,20.3,12%,62:38:00,44.9,31.4,34.7,60.5,39.1,44.7
500,University of Connecticut,United States,27752,13.6,12%,52:48:00,44.9,39.1,29.3,59.8,40,54.8
500,University of Crete,Greece,13808,27.6,4%,63:37:00,44.9,20.6,26,82.2,51,48.4
500,University of Cyprus,,6875,20.1,13%,60:40:00,44.9,26,23.1,67,55.5,83.4
500,University of Denver,United States,10001,13,6%,60:40:00,44.9,40.1,24.7,69.8,37.9,27.5
500,Dublin City University,Ireland,13956,25.4,17%,59:41:00,44.9,23.9,33.8,63.2,42.6,82.2
500,Duy Tan University,Vietnam,21670,21.9,0%,62:38:00,44.9,14.4,12.6,100,37.7,48.6
500,Edinburgh Napier University,United Kingdom,11535,20.4,35%,53:47:00,44.9,17.9,17,81.3,37,87.8
500,University of Electronic Science and Technology of China,China,35232,15.4,3%,30 : 70,44.9,29.3,31.2,67.1,67,32.4
500,Ferhat Abbas S√©tif University 1,Algeria,34637,22.7,1%,63:37:00,44.9,18.2,19.8,94.7,36.9,40
500,University of Ferrara,Italy,20507,32.6,5%,61:39:00,44.9,31.4,24.7,70.6,43,42.4
500,University of Florence,Italy,39407,23,9%,56:44:00,44.9,34.8,32.4,65.6,45,44.7
500,Free University of Bozen-Bolzano,Italy,4236,12.6,15%,68:32:00,44.9,23.5,19.4,83.3,38.5,74.2
500,University of Genoa,Italy,20447,23.7,8%,57:43:00,44.9,36.4,28.3,66.5,48.3,43.9
500,Georgia State University,United States,34734,17.3,5%,58:42:00,44.9,34.3,26.9,65.2,38.1,43.4
500,Universit√© Grenoble Alpes,France,50868,18.2,17%,52:48:00,44.9,37.6,35,56.1,40.4,65.5
500,Hanyang University,,20079,14.6,20%,,44.9,41.8,40.8,40.8,89.8,63.7
500,Hunan University,China,41580,18.6,2%,47:53:00,44.9,24,26.4,87.6,59.1,25.6
500,University of Ibadan,Nigeria,26156,17.6,0%,49:51:00,44.9,30.1,15.7,83.7,37.4,34.5
500,Illinois Institute of Technology,United States,6386,11.5,41%,37 : 63,44.9,43.1,21.8,61,39.7,67.3
500,University of Innsbruck,Austria,13918,22,46%,53:47:00,44.9,33.9,30.1,55.9,52.5,96.2
500,Institut Agro,France,2148,11.5,16%,65:35:00,44.9,35.4,30.5,59.1,46.7,59.4
500,University of International Business and Economics,China,16061,15.7,15%,69:31:00,44.9,27.2,15.6,84,38.1,54.3
500,Iowa State University,United States,28767,16.7,10%,44:56:00,44.9,35.5,36.9,56.5,51,39.5
500,Jazan University,Saudi Arabia,26568,13,3%,64:36:00,44.9,17.5,8.5,97,37.1,74.8
500,Justus Liebig University Giessen,Germany,28278,44.6,11%,63:37:00,44.9,33.1,37.3,60.2,43.7,51.8
500,University of Jyv√§skyl√§,Finland,10444,14.4,3%,62:38:00,44.9,28.5,33.3,68,38.2,51.2
500,University of Kansas,United States,24435,9.9,8%,53:47:00,44.9,38.1,24.4,67.2,46.3,49.2
500,University of Klagenfurt,Austria,3562,10,28%,68:32:00,44.9,23.5,18.2,74.7,38.5,90.9
500,Ko√ß University,Turkey,5882,19.7,8%,48:52:00,44.9,30.7,42.3,56.1,100,49.3
500,University of KwaZulu-Natal,,35795,30.1,2%,60:40:00,44.9,30.4,34.4,63.9,38.2,51.5
500,University of Lagos,Nigeria,36237,21.5,0%,48:52:00,44.9,18.5,14,97.7,40.9,34
500,Leibniz University Hannover,Germany,21677,43.7,18%,42:58:00,44.9,39.1,39.2,46.2,48.9,54.7
500,Lincoln University,New Zealand,2492,13.3,44%,51:49:00,44.9,29.7,22.6,59.9,51.7,96.4
500,University of Lincoln,United Kingdom,14480,15.7,13%,55:45:00,44.9,17.8,17.4,85.8,37.5,75.4
500,Liverpool John Moores University,United Kingdom,21725,17.4,16%,54:46:00,44.9,20.9,19,81.2,37.4,77.2
500,Mahatma Gandhi University,India,1855,14.6,2%,61:39:00,44.9,42.5,31.5,58.1,37.9,21.9
500,University of Marburg,Germany,23383,31.2,12%,56:44:00,44.9,36,30.1,64.1,36.9,53.9
500,Maynooth University,Ireland,11454,28.5,15%,55:45:00,44.9,21.7,28.9,71.7,39.5,82.5
500,Middlesex University,United Kingdom,15905,18.7,50%,58:42:00,44.9,21.3,19.6,75.3,37.2,91
500,University of Modena and Reggio Emilia,Italy,21409,26.9,5%,53:47:00,44.9,32.7,23.2,72.1,49.1,37.6
500,Muhimbili University of Health and Allied Sciences,Tanzania,3626,11.3,3%,41:59:00,44.9,17,11,99.9,39.1,49.2
500,Murdoch University,Australia,16641,36.5,40%,61:39:00,44.9,21.6,27.8,70.6,46.7,93.2
500,National and Kapodistrian University of Athens,Greece,66649,31,11%,59:41:00,44.9,22.1,20.1,82.4,67.9,56.3
500,University of Nebraska-Lincoln,United States,24909,16.8,10%,49:51:00,44.9,34,31,60.5,39.6,56.1
500,University of Nebraska Medical Center,United States,3181,2,9%,69:31:00,44.9,34.9,12.6,83.2,40.2,46.3
500,Norwegian University of Science and Technology,Norway,37707,15.8,9%,48:52:00,44.9,30,34.7,60.1,42.9,67.5
500,Nova Southeastern University,United States,17952,16.3,4%,70:30:00,44.9,39.4,10.6,87.5,36.9,28.9
500,√ñrebro University,Sweden,10005,15.2,5%,61:39:00,44.9,17.7,21.8,87.1,37.7,55.1
500,University of Passau,Germany,9703,69.2,12%,61:39:00,44.9,35.6,38.1,54.5,43,53.6
500,University of Pisa,Italy,33791,21.9,6%,51:49:00,44.9,28.8,30.2,69.2,41.7,40.6
500,University of Plymouth,United Kingdom,15605,17.7,16%,58:42:00,44.9,22.2,22.7,79.6,37.2,73
500,Pontificia Universidad Cat√≥lica de Chile,Chile,31578,16,4%,,44.9,24.2,31.9,66.2,70.3,56.2
500,University of Porto,Portugal,33484,16.2,16%,55:45:00,44.9,26.6,32.3,63.7,41.9,57.9
500,University of Portsmouth,United Kingdom,22490,16.4,29%,47:53:00,44.9,18.8,19.2,76.3,37.6,91.4
500,Qazvin University of Medical Sciences,Iran,2598,9.2,1%,57:43:00,44.9,30.6,10.3,99.9,37,22.6
500,Qom University of Medical Sciences,Iran,2272,9.1,4%,57:43:00,44.9,28.9,9.8,100,37,19.4
500,Quaid-i-Azam University,Pakistan,9250,16.5,1%,51:49:00,44.9,26.9,22.9,78.7,38.2,48.6
500,Sabancƒ± University,,3819,20,10%,38 : 62,44.9,25.5,37.7,57,73.4,59.7
500,Sharif University of Technology,Iran,9219,22.5,2%,25 : 75,44.9,33.5,36.3,60.4,89.5,31.6
500,Shenzhen University,China,38240,14.1,1%,46:54:00,44.9,23,27.9,86,50.5,34.5
500,University of Siena,Italy,12948,18.7,9%,63:37:00,44.9,21.5,25.3,79.9,41.7,43.5
500,South China University of Technology,China,40082,12.7,5%,39 : 61,44.9,28.2,35.6,70.7,80.7,34.4
500,Southeast University,China,37484,12.3,4%,36 : 64,44.9,34.8,42.3,47.2,93.7,37.8
500,Southern Medical University,,20432,10.7,6%,,44.9,38.6,37.7,58,43.8,25
500,SRUC (Scotland‚Äôs Rural College),United Kingdom,1325,5.3,8%,60:40:00,44.9,23.6,12.6,92.1,42.5,59.1
500,University of Strathclyde,United Kingdom,19840,17,29%,50:50:00,44.9,32,33.9,56.1,47.8,89.7
500,Sumy State University,Ukraine,8703,11.4,21%,44:56:00,44.9,19.5,12.3,94.5,39.9,57.2
500,Syracuse University,United States,20620,14.9,23%,52:48:00,44.9,34.9,28,64.3,37.2,50.7
500,Universiti Teknologi Petronas,Malaysia,5021,13.6,16%,38 : 62,44.9,26.8,33.8,58.9,77.6,76.7
500,Tianjin University,China,27353,8.7,12%,,44.9,35.3,42.8,51.6,89.9,41.5
500,Ton Duc Thang University,,27878,25.3,1%,56:44:00,44.9,13.5,16,99.2,39.8,58.4
500,University of Trento,Italy,14219,19.2,8%,52:48:00,44.9,27,32.3,66.5,41.1,56.9
500,The University of Tulsa,United States,4407,12,10%,48:52:00,44.9,37.8,17.1,75.6,48,36.4
500,University of Turin,Italy,58463,28.4,6%,61:39:00,44.9,21.5,29.7,77.5,43.9,41.4
500,TU Wien,Austria,10327,17.7,31%,31 : 69,44.9,40.1,37.4,38.1,62,87.6
500,Ume√• University,Sweden,18218,12.6,11%,61:39:00,44.9,21.9,29.6,78.4,38.5,64.5
500,Urmia University of Medical Sciences,Iran,4644,12,2%,51:49:00,44.9,35,10,90.4,36.9,19.7
500,Universiti Utara Malaysia,Malaysia,12457,11.6,30%,79:21:00,44.9,33.4,25.7,60.2,41.2,74.8
500,Victoria University of Wellington,New Zealand,17883,18.8,20%,58:42:00,44.9,27.8,34,53.2,53.7,87.4
500,University of Waikato,New Zealand,10472,17.6,31%,59:41:00,44.9,21.6,28.1,66.4,40.8,95.4
500,University of the West of England,United Kingdom,24585,15.9,23%,53:47:00,44.9,18.3,14.6,92.9,37.6,72.9
500,William & Mary,United States,8089,10.9,8%,56:44:00,44.9,43.7,21.4,64.3,37.3,35.7
500,Xiamen University,China,42760,15.4,2%,,44.9,30.8,28.5,78.4,53.1,28.3
500,York University,,44036,29.1,28%,55:45:00,44.9,25.1,33.1,67,42.1,75.3
600,Aberystwyth University,United Kingdom,6180,16.3,24%,52:48:00,42,22.3,23.4,64.1,39.8,81.1
